{
    "modelName": "BouncingBall",
    "variables": {
        "der(h)": [
            0.0,
            -4.429446918287904,
            3.543557534630323,
            3.543557534076554,
            3.543557534076554,
            -3.543557534606745,
            2.834846027685396,
            2.834846026992594,
            2.834846026992594,
            -2.834846027650316,
            2.267876822120253,
            2.267876821254854,
            2.267876821254854,
            -2.267876822077267,
            1.814301457661814,
            1.814301456580089,
            1.814301456580089,
            -1.814301457613689,
            1.451441166090952,
            1.451441164738946,
            1.451441164738946,
            -1.451441166040807,
            1.161152932832646,
            1.161152931142016,
            1.161152931142016,
            -0.01535413270189417,
            -0.01535413270189417
        ],
        "der(v)": [
            -9.81,
            -9.81,
            -9.81,
            -9.81,
            -9.81,
            -9.81,
            -9.81,
            -9.81,
            -9.81,
            -9.81,
            -9.81,
            -9.81,
            -9.81,
            -9.81,
            -9.81,
            -9.81,
            -9.81,
            -9.81,
            -9.81,
            -9.81,
            -9.81,
            -9.81,
            -9.81,
            -9.81,
            -9.81,
            -9.81,
            -9.81
        ],
        "h": [
            1.0,
            -1.000166477416187e-10,
            -1.000166477416187e-10,
            1.000149552140419e-10,
            1.000149552140419e-10,
            -1.001924793131437e-10,
            -1.001924793131437e-10,
            1.000099964727868e-10,
            1.000099964727868e-10,
            -1.000123039940348e-10,
            -1.000123039940348e-10,
            1.000506163616595e-10,
            1.000506163616595e-10,
            -1.000139970841474e-10,
            -1.000139970841474e-10,
            1.000444222614967e-10,
            1.000444222614967e-10,
            -1.000123421579513e-10,
            -1.000123421579513e-10,
            1.000237847688639e-10,
            1.000237847688639e-10,
            -1.000757185454226e-10,
            -1.000757185454226e-10,
            1.000340931611025e-10,
            1.000340931611025e-10,
            0.06870746085430948,
            0.06870746085430948
        ],
        "time": [
            0.0,
            0.4515236410079413,
            0.4515236410079413,
            0.4515236410643907,
            0.4515236410643907,
            1.173961466618244,
            1.173961466618244,
            1.173961466688866,
            1.173961466688866,
            1.751911727100987,
            1.751911727100987,
            1.751911727189203,
            1.751911727189203,
            2.214271935479939,
            2.214271935479939,
            2.214271935590206,
            2.214271935590206,
            2.584160102174689,
            2.584160102174689,
            2.584160102312508,
            2.584160102312508,
            2.880070635521454,
            2.880070635521454,
            2.880070635693791,
            2.880070635693791,
            3.0,
            3.0
        ],
        "v": [
            0.0,
            -4.429446918287904,
            3.543557534630323,
            3.543557534076554,
            3.543557534076554,
            -3.543557534606745,
            2.834846027685396,
            2.834846026992594,
            2.834846026992594,
            -2.834846027650316,
            2.267876822120253,
            2.267876821254854,
            2.267876821254854,
            -2.267876822077267,
            1.814301457661814,
            1.814301456580089,
            1.814301456580089,
            -1.814301457613689,
            1.451441166090952,
            1.451441164738946,
            1.451441164738946,
            -1.451441166040807,
            1.161152932832646,
            1.161152931142016,
            1.161152931142016,
            -0.01535413270189417,
            -0.01535413270189417
        ]
    }
}
